target_class,class_flip,prediction_gain,avg_actionability
0,0.5046176835894585,0.5004389211535454,0.21298955753445625
1,1.0,0.9875781983137131,0.7019874453544617
2,0.22723481804132462,0.2189708985388279,0.13528559356927872
