target_class,class_flip,prediction_gain,avg_actionability
0,0.21043477952480316,0.2161220982670784,0.10006119310855865
1,0.12414559349417686,0.128225177526474,0.13061057776212692
2,0.0,-1.1595781415962847e-05,0.14495106041431427
