target_class,class_flip,prediction_gain,avg_actionability
0,0.5046176835894585,0.5004111155867577,0.21453525871038437
1,1.0,0.9999761879444122,0.7784153372049332
2,0.9999999701976776,0.8983665555715561,0.4113529473543167
