target_class,class_flip,prediction_gain,avg_actionability
0,1.0,0.9950238764286041,0.24328938871622086
1,0.8428742289543152,0.8493437469005585,0.33578750491142273
2,1.0,0.9988149404525757,0.3358526676893234
