target_class,class_flip,prediction_gain,avg_actionability
0,1.0,0.9901615679264069,0.15176081657409668
1,1.0,0.9986956119537354,0.2676515653729439
2,0.9999999701976776,0.9939350485801697,0.1540854647755623
