target_class,class_flip,prediction_gain,avg_actionability
0,1.0,0.9920655339956284,0.16128670424222946
1,1.0,0.9999754279851913,0.2711535766720772
2,0.9999999701976776,0.9908419996500015,0.16942739114165306
