target_class,class_flip,prediction_gain,avg_actionability
0,1.0,0.9920468628406525,0.16618820279836655
1,1.0,0.9995576441287994,0.2822255790233612
2,1.0,0.9933216273784637,0.1515379250049591
