,class_flip_rate,prediction_gain,actionability
0,1.0,0.9999997019767761,0.34264805912971497
