,class_flip_rate,prediction_gain,actionability
0,1.0,0.9999997615814209,0.3319146931171417
