target_class,class_flip,prediction_gain,avg_actionability
0,0.842912957072258,0.8274319618940353,0.13372179120779037
1,1.0,0.9967939108610153,0.25458697229623795
2,0.9999999701976776,0.9911939650774002,0.15531326085329056
