target_class,class_flip,prediction_gain,avg_actionability
0,0.6394203007221222,0.6553415954113007,0.13866650313138962
1,0.3330485224723816,0.3421204835176468,0.17371346056461334
2,1.0,0.9981374740600586,0.218460351228714
