target_class,class_flip,prediction_gain,avg_actionability
0,0.7779710292816162,0.7634165287017822,0.1432281881570816
1,0.5880895256996155,0.6001181602478027,0.20517689734697342
2,1.0,0.9996616840362549,0.19090160727500916
