target_class,class_flip,prediction_gain,avg_actionability
0,0.9999999824692222,0.8957753549603855,0.038650933105279416
1,0.9213055424830493,0.6207149379393634,0.03742644629057716
2,0.8212452863945681,0.5123311491573558,0.036764352746746116
3,0.997417044990203,0.830440400277867,0.0427488873110098
