target_class,class_flip,prediction_gain,avg_actionability
0,0.9999999824692222,0.9074525955845328,0.05274696680991089
1,0.9906153240624596,0.6049661653883317,0.04624097169760395
2,0.9796906499301686,0.5696628865073708,0.05372137729735935
3,0.995971225640353,0.9036681161207312,0.059160224545527905
