target_class,class_flip,avg_proximity,diversity
0,0.9871343093759873,3.4179190888124356,5.560803076800178
1,0.9730857821071849,3.807967284146477,6.132919760311351
2,0.96545269910027,3.4200559363645664,5.498631000518799
3,0.9987467422204859,3.228704200071447,5.375258193296545
