target_class,class_flip,prediction_gain,avg_actionability
0,0.9999999824692222,0.912990927696228,0.05314379985279897
1,0.9668356951545266,0.5813896673567155,0.0474062472143594
2,0.9212184793808881,0.5234939420924467,0.04968630478662603
3,0.9921269206439748,0.9087478185401243,0.06363456203218769
