target_class,class_flip,prediction_gain,avg_actionability
0,0.9980964239905862,0.8628295642488143,0.04020601379520753
1,0.9815594641601338,0.6629746065420263,0.04075870487619849
2,0.9603775126092574,0.5905925999669468,0.04403758125708384
3,0.9978142345652861,0.8778987263931948,0.05165578907026964
