target_class,class_flip,prediction_gain,avg_actionability
0,0.9999999929876888,0.926908436943503,0.041653262560858446
1,0.9849433969048893,0.8259066448492163,0.053187576286933
2,0.9913350834566004,0.8281761477975285,0.06592712507528417
3,0.9996676585253548,0.900144033572253,0.052540611694840825
