target_class,class_flip,prediction_gain,avg_actionability
0,0.9990806632182178,0.8997869737008038,0.025541269823032266
1,0.9530494055327248,0.6104395372026107,0.03132541099672809
2,0.933329454239677,0.5687661784536698,0.03718802957412075
3,0.9999999929876888,0.8730068522341111,0.03843937704668326
