target_class,class_flip,prediction_gain,avg_actionability
0,0.9999999929876888,0.9281201713225421,0.19028953068396626
1,0.9132739165249992,0.7252113223075867,0.1897589888642816
2,0.9558790501426248,0.8148245110231287,0.1772355226909413
3,0.9999999929876888,0.9431096525753245,0.21332215035662933
